0000000013632283,13456ABC,SV,Y,2008-06-22,?,310.44,1538.46,2011-11-12 00:00:00.000000,,2011-11-12,,,,,,0,,
0000000013632293,13456ABC,SV,Y,2008-08-13,?,541.97,536.08,2011-11-12 00:00:00.000000,,2011-11-12,,,,,,0,,
4561143213632294,13456ABC,CC,Y,2006-06-08,?,989.45,1143.13,2011-11-12 00:00:00.000000,,2011-11-12,,,,,,0,,
0000000013632302,1363230,CK,Y,2008-06-04,?,2620.42,551.28,2011-11-12 00:00:00.000000,,2011-11-12,,,2,2,LD_002_02_ACCOUNT,6,,
4561143213632324,1363232,CC,Y,2008-08-15,?,0.00,1000.00,2011-11-12 00:00:00.000000,,2011-11-12,,,2,2,LD_002_02_ACCOUNT,6,,
0000000013632332,1363233,CK,Y,2008-06-27,?,,313.60,2011-11-12 00:00:00.000000,,2011-11-12,,,2,2,LD_002_02_ACCOUNT,6,,
0000000013632333,1363233,SV,N,2006-09-25,2008-04-21,453.28,161.69,2011-11-12 00:00:00.000000,,2011-11-12,,,2,2,LD_002_02_ACCOUNT,6,,
0000000013632342,1363234,CK,Y,2002-12-18,?,369.40,31.19,2011-11-12 00:00:00.000000,,2011-11-12,,,2,2,LD_002_02_ACCOUNT,6,,
0000000013632343,1363234,SV,Y,2001-05-11,?,139.94,918.39,2011-11-12 00:00:00.000000,,2011-11-12,,,2,2,LD_002_02_ACCOUNT,6,,
4561143213632344,1363234,CC,Y,2008-11-16,?,0.00,3000.00,2011-11-12 00:00:00.000000,,2011-11-12,,,2,2,LD_002_02_ACCOUNT,6,,
0000000013632352,1363235,CK,Y,2006-09-26,?,2887.85,1067.57,2011-11-12 00:00:00.000000,,2011-11-12,,,2,2,LD_002_02_ACCOUNT,6,,
0000000013632362,1363236,CK,Y,2006-10-01,?,2977.65,52.80,2011-11-12 00:00:00.000000,,2011-11-12,,,2,2,LD_002_02_ACCOUNT,6,,
0000000013632363,1363236,SV,Y,2007-09-16,?,288.72,1067.70,2011-11-12 00:00:00.000000,,2011-11-12,,,2,2,LD_002_02_ACCOUNT,6,,
4561143213632364,1363236,CC,Y,2004-02-03,?,5922.77,1555.34,2011-11-12 00:00:00.000000,,2011-11-12,,,2,2,LD_002_02_ACCOUNT,6,,
0000000013632372,1363237,CK,Y,2007-08-28,?,7563.81,135.39,2011-11-12 00:00:00.000000,,2011-11-12,,,2,2,LD_002_02_ACCOUNT,6,,
0000000013632373,1363237,SV,Y,2008-08-05,?,745.49,756.74,2011-11-12 00:00:00.000000,,2011-11-12,,,2,2,LD_002_02_ACCOUNT,6,,
4561143213632374,1363237,CC,N,2006-01-21,2008-01-27,8649.37,0.00,2011-11-12 00:00:00.000000,,2011-11-12,,,2,2,LD_002_02_ACCOUNT,6,,
0000000013632383,1363238,SV,Y,2004-07-07,?,189.51,192.39,2011-11-12 00:00:00.000000,,2011-11-12,,,2,2,LD_002_02_ACCOUNT,6,,
0000000013632412,1363241,CK,Y,2006-04-25,?,,18.37,2011-11-12 00:00:00.000000,,2011-11-12,,,2,2,LD_002_02_ACCOUNT,6,,
0000000013632413,1363241,SV,Y,2002-12-24,?,273.49,1649.80,2011-11-12 00:00:00.000000,,2011-11-12,,,2,2,LD_002_02_ACCOUNT,6,,
4561143213632414,1363241,CC,Y,2005-07-15,?,287.85,1352.70,2011-11-12 00:00:00.000000,,2011-11-12,,,2,2,LD_002_02_ACCOUNT,6,,
0000000013632422,1363242,CK,N,2007-02-15,2008-05-03,319.66,936.51,2011-11-12 00:00:00.000000,,2011-11-12,,,2,2,LD_002_02_ACCOUNT,6,,
0000000013632432,1363243,CK,Y,2004-08-26,?,2746.00,852.22,2011-11-12 00:00:00.000000,,2011-11-12,,,2,2,LD_002_02_ACCOUNT,6,,
0000000013632433,1363243,SV,N,2004-05-17,2008-08-02,310.62,760.10,2011-11-12 00:00:00.000000,,2011-11-12,,,2,2,LD_002_02_ACCOUNT,6,,
4561143213632434,1363243,CC,Y,2004-06-22,?,1025.87,110.03,2011-11-12 00:00:00.000000,,2011-11-12,,,2,2,LD_002_02_ACCOUNT,6,,
0000000013632472,1363247,CK,Y,2005-01-12,?,236.39,458.81,2011-11-12 00:00:00.000000,,2011-11-12,,,2,2,LD_002_02_ACCOUNT,6,,
0000000013632473,1363247,SV,Y,2005-07-17,?,278.43,339.33,2011-11-12 00:00:00.000000,,2011-11-12,,,2,2,LD_002_02_ACCOUNT,6,,
4561143213632474,1363247,CC,Y,2004-08-10,?,105.30,3000.00,2011-11-12 00:00:00.000000,,2011-11-12,,,2,2,LD_002_02_ACCOUNT,6,,
0000000013632492,1363249,CK,Y,2006-06-01,?,,2877.12,2011-11-12 00:00:00.000000,,2011-11-12,,,2,2,LD_002_02_ACCOUNT,6,,
4561143213632494,1363249,CC,Y,2006-04-15,?,2615.76,3082.05,2011-11-12 00:00:00.000000,,2011-11-12,,,2,2,LD_002_02_ACCOUNT,6,,
0000000013632502,1363250,CK,N,2004-09-17,2008-07-30,657.67,257.48,2011-11-12 00:00:00.000000,,2011-11-12,,,2,2,LD_002_02_ACCOUNT,6,,
0000000013632512,1363251,CK,Y,2004-07-20,?,2511.83,456.92,2011-11-12 00:00:00.000000,,2011-11-12,,,2,2,LD_002_02_ACCOUNT,6,,
0000000013632513,1363251,SV,Y,2007-09-08,?,5003.60,5059.46,2011-11-12 00:00:00.000000,,2011-11-12,,,2,2,LD_002_02_ACCOUNT,6,,
0000000013632522,1363252,CK,Y,2007-12-12,?,225.77,32.18,2011-11-12 00:00:00.000000,,2011-11-12,,,2,2,LD_002_02_ACCOUNT,6,,
0000000013632523,1363252,SV,Y,2008-01-31,?,179.27,181.99,2011-11-12 00:00:00.000000,,2011-11-12,,,2,2,LD_002_02_ACCOUNT,6,,
4561143213632524,1363252,CC,Y,2007-02-20,?,776.26,1000.00,2011-11-12 00:00:00.000000,,2011-11-12,,,2,2,LD_002_02_ACCOUNT,6,,
0000000013632532,1363253,CK,Y,2004-06-08,?,5019.19,1191.33,2011-11-12 00:00:00.000000,,2011-11-12,,,2,2,LD_002_02_ACCOUNT,6,,
0000000013632533,1363253,SV,N,2005-04-06,2008-10-28,1241.42,1701.18,2011-11-12 00:00:00.000000,,2011-11-12,,,2,2,LD_002_02_ACCOUNT,6,,
4561143213632534,1363253,CC,Y,2006-03-04,?,1688.39,2000.00,2011-11-12 00:00:00.000000,,2011-11-12,,,2,2,LD_002_02_ACCOUNT,6,,
0000000013632542,1363254,CK,N,2004-07-21,2008-03-10,318.71,737.37,2011-11-12 00:00:00.000000,,2011-11-12,,,2,2,LD_002_02_ACCOUNT,6,,
0000000013632543,1363254,SV,N,2006-12-01,2008-08-24,2001.91,2019.49,2011-11-12 00:00:00.000000,,2011-11-12,,,2,2,LD_002_02_ACCOUNT,6,,
4561143213632544,1363254,CC,Y,2006-03-22,?,1039.87,31.04,2011-11-12 00:00:00.000000,,2011-11-12,,,2,2,LD_002_02_ACCOUNT,6,,
0000000013632552,1363255,CK,Y,2008-05-06,?,262.07,20.46,2011-11-12 00:00:00.000000,,2011-11-12,,,2,2,LD_002_02_ACCOUNT,6,,
0000000013632573,1363257,SV,Y,2006-09-05,?,273.21,1209.67,2011-11-12 00:00:00.000000,,2011-11-12,,,2,2,LD_002_02_ACCOUNT,6,,
4561143213632574,1363257,CC,Y,2008-02-09,?,0.00,2275.24,2011-11-12 00:00:00.000000,,2011-11-12,,,2,2,LD_002_02_ACCOUNT,6,,
0000000013632582,1363258,CK,N,2007-12-12,2008-04-17,170.57,12.14,2011-11-12 00:00:00.000000,,2011-11-12,,,2,2,LD_002_02_ACCOUNT,6,,
0000000013632583,1363258,SV,Y,2007-10-15,?,776.38,845.68,2011-11-12 00:00:00.000000,,2011-11-12,,,2,2,LD_002_02_ACCOUNT,6,,
4561143213632594,1363259,CC,Y,2001-03-08,?,380.61,334.29,2011-11-12 00:00:00.000000,,2011-11-12,,,2,2,LD_002_02_ACCOUNT,6,,
0000000013632612,1363261,CK,Y,2005-03-08,?,4185.93,1606.69,2011-11-12 00:00:00.000000,,2011-11-12,,,2,2,LD_002_02_ACCOUNT,6,,
0000000013632613,1363261,SV,N,2002-03-06,2008-09-07,676.68,289.89,2011-11-12 00:00:00.000000,,2011-11-12,,,2,2,LD_002_02_ACCOUNT,6,,
4561143213632614,1363261,CC,Y,2005-09-03,?,143.33,1000.00,2011-11-12 00:00:00.000000,,2011-11-12,,,2,2,LD_002_02_ACCOUNT,6,,
0000000013632622,1363262,CK,N,2005-07-25,2008-01-14,436.88,244.53,2011-11-12 00:00:00.000000,,2011-11-12,,,2,2,LD_002_02_ACCOUNT,6,,
0000000013632623,1363262,SV,Y,2007-07-12,?,1919.95,6027.35,2011-11-12 00:00:00.000000,,2011-11-12,,,2,2,LD_002_02_ACCOUNT,6,,
4561143213632634,1363263,CC,Y,2008-03-25,?,0.00,1218.94,2011-11-12 00:00:00.000000,,2011-11-12,,,2,2,LD_002_02_ACCOUNT,6,,
0000000013632642,1363264,CK,N,2007-03-21,2008-07-24,191.90,15.72,2011-11-12 00:00:00.000000,,2011-11-12,,,2,2,LD_002_02_ACCOUNT,6,,
0000000013632643,1363264,SV,Y,2007-03-21,?,2095.37,369.44,2011-11-12 00:00:00.000000,,2011-11-12,,,2,2,LD_002_02_ACCOUNT,6,,
4561143213632644,1363264,CC,Y,2007-03-21,?,51.69,1000.00,2011-11-12 00:00:00.000000,,2011-11-12,,,2,2,LD_002_02_ACCOUNT,6,,
0000000013632652,1363265,CK,Y,2008-12-11,?,3270.92,805.19,2011-11-12 00:00:00.000000,,2011-11-12,,,2,2,LD_002_02_ACCOUNT,6,,
0000000013632653,1363265,SV,Y,2008-07-03,?,193.55,900.52,2011-11-12 00:00:00.000000,,2011-11-12,,,2,2,LD_002_02_ACCOUNT,6,,
4561143213632654,1363265,CC,Y,2008-05-16,?,0.00,133.12,2011-11-12 00:00:00.000000,,2011-11-12,,,2,2,LD_002_02_ACCOUNT,6,,
0000000013632662,1363266,CK,Y,2008-11-15,?,2820.64,1.98,2011-11-12 00:00:00.000000,,2011-11-12,,,2,2,LD_002_02_ACCOUNT,6,,
4561143213632664,1363266,CC,Y,2008-02-21,?,0.00,994.65,2011-11-12 00:00:00.000000,,2011-11-12,,,2,2,LD_002_02_ACCOUNT,6,,
0000000013632672,1363267,CK,Y,2005-04-27,?,1088.96,612.74,2011-11-12 00:00:00.000000,,2011-11-12,,,2,2,LD_002_02_ACCOUNT,6,,
0000000013632673,1363267,SV,Y,2008-12-18,?,840.79,1699.39,2011-11-12 00:00:00.000000,,2011-11-12,,,2,2,LD_002_02_ACCOUNT,6,,
4561143213632674,1363267,CC,Y,2008-01-24,?,0.00,1271.39,2011-11-12 00:00:00.000000,,2011-11-12,,,2,2,LD_002_02_ACCOUNT,6,,
0000000013632682,1363268,CK,N,2002-06-22,2008-02-21,192.61,1094.41,2011-11-12 00:00:00.000000,,2011-11-12,,,2,2,LD_002_02_ACCOUNT,6,,
0000000013632683,1363268,SV,Y,2002-06-22,?,498.64,180.08,2011-11-12 00:00:00.000000,,2011-11-12,,,2,2,LD_002_02_ACCOUNT,6,,
4561143213632684,1363268,CC,Y,2002-06-22,?,1873.47,1800.00,2011-11-12 00:00:00.000000,,2011-11-12,,,2,2,LD_002_02_ACCOUNT,6,,
0000000013632702,1363270,CK,Y,2007-05-23,?,214.69,15.66,2011-11-12 00:00:00.000000,,2011-11-12,,,2,2,LD_002_02_ACCOUNT,6,,
0000000013632703,1363270,SV,Y,2008-12-13,?,549.07,380.05,2011-11-12 00:00:00.000000,,2011-11-12,,,2,2,LD_002_02_ACCOUNT,6,,
0000000013632712,1363271,CK,Y,2007-04-22,?,2725.91,876.19,2011-11-12 00:00:00.000000,,2011-11-12,,,2,2,LD_002_02_ACCOUNT,6,,
0000000013632713,1363271,SV,Y,2007-04-22,?,284.06,678.94,2011-11-12 00:00:00.000000,,2011-11-12,,,2,2,LD_002_02_ACCOUNT,6,,
4561143213632714,1363271,CC,Y,2007-04-22,?,1872.82,1179.95,2011-11-12 00:00:00.000000,,2011-11-12,,,2,2,LD_002_02_ACCOUNT,6,,
0000000013632722,1363272,CK,Y,2008-09-01,?,371.89,195.31,2011-11-12 00:00:00.000000,,2011-11-12,,,2,2,LD_002_02_ACCOUNT,6,,
0000000013632723,1363272,SV,Y,2008-07-06,?,165.83,711.81,2011-11-12 00:00:00.000000,,2011-11-12,,,2,2,LD_002_02_ACCOUNT,6,,
4561143213632724,1363272,CC,Y,2008-08-07,?,0.00,1016.12,2011-11-12 00:00:00.000000,,2011-11-12,,,2,2,LD_002_02_ACCOUNT,6,,
0000000013632752,1363275,CK,Y,2007-02-27,?,229.67,46.55,2011-11-12 00:00:00.000000,,2011-11-12,,,2,2,LD_002_02_ACCOUNT,6,,
4561143213632754,1363275,CC,Y,2007-12-19,?,408.78,805.19,2011-11-12 00:00:00.000000,,2011-11-12,,,2,2,LD_002_02_ACCOUNT,6,,
0000000013632763,1363276,SV,Y,2008-03-22,?,812.36,2037.38,2011-11-12 00:00:00.000000,,2011-11-12,,,2,2,LD_002_02_ACCOUNT,6,,
0000000013632802,1363280,CK,Y,2006-11-19,?,275.60,269.95,2011-11-12 00:00:00.000000,,2011-11-12,,,2,2,LD_002_02_ACCOUNT,6,,
0000000013632803,1363280,SV,Y,2006-06-22,?,123.96,1706.87,2011-11-12 00:00:00.000000,,2011-11-12,,,2,2,LD_002_02_ACCOUNT,6,,
4561143213632804,1363280,CC,Y,2006-03-07,?,328.17,1000.00,2011-11-12 00:00:00.000000,,2011-11-12,,,2,2,LD_002_02_ACCOUNT,6,,
0000000013632822,1363282,CK,Y,2001-03-02,?,133.90,84.18,2011-11-12 00:00:00.000000,,2011-11-12,,,2,2,LD_002_02_ACCOUNT,6,,
4561143213632824,1363282,CC,Y,2001-01-08,?,46.42,272.69,2011-11-12 00:00:00.000000,,2011-11-12,,,2,2,LD_002_02_ACCOUNT,6,,
0000000013632832,1363283,CK,Y,2008-04-14,?,121.77,18.54,2011-11-12 00:00:00.000000,,2011-11-12,,,2,2,LD_002_02_ACCOUNT,6,,
0000000013632833,1363283,SV,Y,2008-04-14,?,166.05,2.74,2011-11-12 00:00:00.000000,,2011-11-12,,,2,2,LD_002_02_ACCOUNT,6,,
4561143213632834,1363283,CC,Y,2008-04-14,?,0.00,1100.00,2011-11-12 00:00:00.000000,,2011-11-12,,,2,2,LD_002_02_ACCOUNT,6,,
0000000013632842,1363284,CK,Y,2007-03-22,?,420.57,946.08,2011-11-12 00:00:00.000000,,2011-11-12,,,2,2,LD_002_02_ACCOUNT,6,,
0000000013632843,1363284,SV,Y,2005-01-22,?,1454.16,860.93,2011-11-12 00:00:00.000000,,2011-11-12,,,2,2,LD_002_02_ACCOUNT,6,,
4561143213632844,1363284,CC,Y,2003-07-18,?,832.94,965.92,2011-11-12 00:00:00.000000,,2011-11-12,,,2,2,LD_002_02_ACCOUNT,6,,
0000000013632862,1363286,CK,Y,2006-07-22,?,2524.17,51.57,2011-11-12 00:00:00.000000,,2011-11-12,,,2,2,LD_002_02_ACCOUNT,6,,
0000000013632863,1363286,SV,N,2004-04-29,2008-03-21,117.92,1289.52,2011-11-12 00:00:00.000000,,2011-11-12,,,2,2,LD_002_02_ACCOUNT,6,,
4561143213632874,1363287,CC,Y,2005-09-25,?,719.04,991.56,2011-11-12 00:00:00.000000,,2011-11-12,,,2,2,LD_002_02_ACCOUNT,6,,
0000000013632882,1363288,CK,Y,2008-02-17,?,640.62,1393.38,2011-11-12 00:00:00.000000,,2011-11-12,,,2,2,LD_002_02_ACCOUNT,6,,
0000000013632883,1363288,SV,Y,2007-05-20,?,1049.82,244.85,2011-11-12 00:00:00.000000,,2011-11-12,,,2,2,LD_002_02_ACCOUNT,6,,
4561143213632884,1363288,CC,Y,2006-11-13,?,1886.71,1980.90,2011-11-12 00:00:00.000000,,2011-11-12,,,2,2,LD_002_02_ACCOUNT,6,,
0000000013632903,1363290,SV,Y,2008-08-05,?,2229.39,2594.47,2011-11-12 00:00:00.000000,,2011-11-12,,,2,2,LD_002_02_ACCOUNT,6,,
0000000013632912,1363291,CK,Y,2008-10-06,?,4361.14,521.21,2011-11-12 00:00:00.000000,,2011-11-12,,,2,2,LD_002_02_ACCOUNT,6,,
0000000013632913,1363291,SV,Y,2008-02-05,?,274.62,653.58,2011-11-12 00:00:00.000000,,2011-11-12,,,2,2,LD_002_02_ACCOUNT,6,,
4561143213632914,1363291,CC,Y,2008-05-31,?,0.00,5014.14,2011-11-12 00:00:00.000000,,2011-11-12,,,2,2,LD_002_02_ACCOUNT,6,,
0000000013632943,1363294,SV,Y,2007-06-03,?,741.25,763.80,2011-11-12 00:00:00.000000,,2011-11-12,,,2,2,LD_002_02_ACCOUNT,6,,
4561143213632944,1363294,CC,Y,2008-12-22,?,0.00,3157.90,2011-11-12 00:00:00.000000,,2011-11-12,,,2,2,LD_002_02_ACCOUNT,6,,
0000000013632952,1363295,CK,N,2002-04-30,2008-12-16,261.09,68.65,2011-11-12 00:00:00.000000,,2011-11-12,,,2,2,LD_002_02_ACCOUNT,6,,
0000000013632953,1363295,SV,Y,2002-04-30,?,130.66,222.18,2011-11-12 00:00:00.000000,,2011-11-12,,,2,2,LD_002_02_ACCOUNT,6,,
4561143213632954,1363295,CC,Y,2002-04-30,?,969.91,1000.00,2011-11-12 00:00:00.000000,,2011-11-12,,,2,2,LD_002_02_ACCOUNT,6,,
0000000013632962,1363296,CK,Y,2004-06-24,?,2505.07,1.55,2011-11-12 00:00:00.000000,,2011-11-12,,,2,2,LD_002_02_ACCOUNT,6,,
0000000013632963,1363296,SV,Y,2004-06-24,?,2285.95,2505.34,2011-11-12 00:00:00.000000,,2011-11-12,,,2,2,LD_002_02_ACCOUNT,6,,
4561143213632964,1363296,CC,Y,2004-06-24,?,520.97,1001.67,2011-11-12 00:00:00.000000,,2011-11-12,,,2,2,LD_002_02_ACCOUNT,6,,
0000000013632972,1363297,CK,Y,2005-03-02,?,327.75,39.24,2011-11-12 00:00:00.000000,,2011-11-12,,,2,2,LD_002_02_ACCOUNT,6,,
4561143213632974,1363297,CC,Y,2003-02-12,?,805.70,67.82,2011-11-12 00:00:00.000000,,2011-11-12,,,2,2,LD_002_02_ACCOUNT,6,,
0000000013632982,1363298,CK,N,2006-09-14,2008-12-19,7460.23,170.04,2011-11-12 00:00:00.000000,,2011-11-12,,,2,2,LD_002_02_ACCOUNT,6,,
0000000013633012,1363301,CK,Y,2008-09-19,?,5616.16,285.21,2011-11-12 00:00:00.000000,,2011-11-12,,,2,2,LD_002_02_ACCOUNT,6,,
0000000013633013,1363301,SV,Y,2008-03-19,?,292.49,417.32,2011-11-12 00:00:00.000000,,2011-11-12,,,2,2,LD_002_02_ACCOUNT,6,,
0000000013633022,1363302,CK,Y,2006-04-11,?,5499.36,4023.58,2011-11-12 00:00:00.000000,,2011-11-12,,,2,2,LD_002_02_ACCOUNT,6,,
4561143213633024,1363302,CC,N,2007-02-06,2008-04-22,1731.39,0.00,2011-11-12 00:00:00.000000,,2011-11-12,,,2,2,LD_002_02_ACCOUNT,6,,
0000000013633032,1363303,CK,Y,2008-02-15,?,2789.57,39.22,2011-11-12 00:00:00.000000,,2011-11-12,,,2,2,LD_002_02_ACCOUNT,6,,
4561143213633034,1363303,CC,Y,2008-04-18,?,0.00,1000.00,2011-11-12 00:00:00.000000,,2011-11-12,,,2,2,LD_002_02_ACCOUNT,6,,
0000000013633042,1363304,CK,Y,2007-11-27,?,269.41,50.91,2011-11-12 00:00:00.000000,,2011-11-12,,,2,2,LD_002_02_ACCOUNT,6,,
0000000013633052,1363305,CK,Y,2008-02-22,?,315.42,31.90,2011-11-12 00:00:00.000000,,2011-11-12,,,2,2,LD_002_02_ACCOUNT,6,,
0000000013633062,1363306,CK,Y,2003-03-12,?,234.76,114.94,2011-11-12 00:00:00.000000,,2011-11-12,,,2,2,LD_002_02_ACCOUNT,6,,
0000000013633063,1363306,SV,Y,2008-05-24,?,698.96,1193.26,2011-11-12 00:00:00.000000,,2011-11-12,,,2,2,LD_002_02_ACCOUNT,6,,
4561143213633064,1363306,CC,Y,2008-02-14,?,0.00,137.40,2011-11-12 00:00:00.000000,,2011-11-12,,,2,2,LD_002_02_ACCOUNT,6,,
0000000013633072,1363307,CK,Y,2006-12-22,?,2763.73,314.27,2011-11-12 00:00:00.000000,,2011-11-12,,,2,2,LD_002_02_ACCOUNT,6,,
0000000013633073,1363307,SV,N,2007-12-27,2008-07-05,304.25,265.35,2011-11-12 00:00:00.000000,,2011-11-12,,,2,2,LD_002_02_ACCOUNT,6,,
4561143213633074,1363307,CC,Y,2007-04-06,?,2484.57,1199.30,2011-11-12 00:00:00.000000,,2011-11-12,,,2,2,LD_002_02_ACCOUNT,6,,
0000000013633082,1363308,CK,Y,2007-08-07,?,5568.05,5651.40,2011-11-12 00:00:00.000000,,2011-11-12,,,2,2,LD_002_02_ACCOUNT,6,,
0000000013633083,1363308,SV,Y,2007-08-07,?,374.47,1585.57,2011-11-12 00:00:00.000000,,2011-11-12,,,2,2,LD_002_02_ACCOUNT,6,,
4561143213633084,1363308,CC,N,2007-08-07,2008-04-11,2794.47,498.06,2011-11-12 00:00:00.000000,,2011-11-12,,,2,2,LD_002_02_ACCOUNT,6,,
0000000013633112,1363311,CK,Y,2008-07-02,?,11017.13,968.46,2011-11-12 00:00:00.000000,,2011-11-12,,,2,2,LD_002_02_ACCOUNT,6,,
0000000013633113,1363311,SV,Y,2008-03-03,?,636.72,299.67,2011-11-12 00:00:00.000000,,2011-11-12,,,2,2,LD_002_02_ACCOUNT,6,,
4561143213633114,1363311,CC,Y,2008-11-29,?,0.00,2700.00,2011-11-12 00:00:00.000000,,2011-11-12,,,2,2,LD_002_02_ACCOUNT,6,,
4561143213633124,1363312,CC,Y,2008-09-18,?,0.00,4400.00,2011-11-12 00:00:00.000000,,2011-11-12,,,2,2,LD_002_02_ACCOUNT,6,,
0000000013633132,1363313,CK,Y,2007-12-03,?,170.09,10.42,2011-11-12 00:00:00.000000,,2011-11-12,,,2,2,LD_002_02_ACCOUNT,6,,
4561143213633134,1363313,CC,Y,2006-11-29,?,875.86,11.12,2011-11-12 00:00:00.000000,,2011-11-12,,,2,2,LD_002_02_ACCOUNT,6,,
0000000013633142,1363314,CK,Y,2006-05-01,?,2076.11,266.68,2011-11-12 00:00:00.000000,,2011-11-12,,,2,2,LD_002_02_ACCOUNT,6,,
4561143213633144,1363314,CC,Y,2004-02-05,?,2393.16,366.31,2011-11-12 00:00:00.000000,,2011-11-12,,,2,2,LD_002_02_ACCOUNT,6,,
0000000013633162,1363316,CK,Y,2005-02-17,?,116.05,947.22,2011-11-12 00:00:00.000000,,2011-11-12,,,2,2,LD_002_02_ACCOUNT,6,,
0000000013633163,1363316,SV,Y,2008-04-10,?,318.04,629.06,2011-11-12 00:00:00.000000,,2011-11-12,,,2,2,LD_002_02_ACCOUNT,6,,
4561143213633164,1363316,CC,Y,2006-08-08,?,770.33,1000.00,2011-11-12 00:00:00.000000,,2011-11-12,,,2,2,LD_002_02_ACCOUNT,6,,
0000000013633172,1363317,CK,Y,2004-05-12,?,280.79,269.76,2011-11-12 00:00:00.000000,,2011-11-12,,,2,2,LD_002_02_ACCOUNT,6,,
0000000013633173,1363317,SV,Y,2001-12-23,?,183.77,186.53,2011-11-12 00:00:00.000000,,2011-11-12,,,2,2,LD_002_02_ACCOUNT,6,,
4561143213633174,1363317,CC,Y,2002-04-12,?,1046.09,307.60,2011-11-12 00:00:00.000000,,2011-11-12,,,2,2,LD_002_02_ACCOUNT,6,,
0000000013633182,1363318,CK,Y,2008-02-28,?,102.33,89.49,2011-11-12 00:00:00.000000,,2011-11-12,,,2,2,LD_002_02_ACCOUNT,6,,
0000000013633212,1363321,CK,Y,2007-12-10,?,209.65,2748.89,2011-11-12 00:00:00.000000,,2011-11-12,,,2,2,LD_002_02_ACCOUNT,6,,
0000000013633213,1363321,SV,Y,2007-07-20,?,172.70,1009.61,2011-11-12 00:00:00.000000,,2011-11-12,,,2,2,LD_002_02_ACCOUNT,6,,
4561143213633214,1363321,CC,Y,2005-01-05,?,2076.51,1133.39,2011-11-12 00:00:00.000000,,2011-11-12,,,2,2,LD_002_02_ACCOUNT,6,,
0000000013633232,1363323,CK,Y,2001-05-06,?,12005.31,1083.14,2011-11-12 00:00:00.000000,,2011-11-12,,,2,2,LD_002_02_ACCOUNT,6,,
4561143213633234,1363323,CC,Y,2007-12-06,?,7159.74,1953.27,2011-11-12 00:00:00.000000,,2011-11-12,,,2,2,LD_002_02_ACCOUNT,6,,
0000000013633242,1363324,CK,Y,2007-08-22,?,4010.41,2325.37,2011-11-12 00:00:00.000000,,2011-11-12,,,2,2,LD_002_02_ACCOUNT,6,,
0000000013633262,1363326,CK,Y,2008-07-14,?,949.92,2945.14,2011-11-12 00:00:00.000000,,2011-11-12,,,2,2,LD_002_02_ACCOUNT,6,,
0000000013633263,1363326,SV,Y,2008-03-21,?,570.24,578.09,2011-11-12 00:00:00.000000,,2011-11-12,,,2,2,LD_002_02_ACCOUNT,6,,
4561143213633264,1363326,CC,Y,2008-07-02,?,0.00,0.00,2011-11-12 00:00:00.000000,,2011-11-12,,,2,2,LD_002_02_ACCOUNT,6,,
0000000013633272,1363327,CK,Y,2008-03-29,?,2609.01,235.65,2011-11-12 00:00:00.000000,,2011-11-12,,,2,2,LD_002_02_ACCOUNT,6,,
0000000013633273,1363327,SV,Y,2008-03-29,?,278.05,401.43,2011-11-12 00:00:00.000000,,2011-11-12,,,2,2,LD_002_02_ACCOUNT,6,,
4561143213633274,1363327,CC,Y,2008-03-29,?,0.00,3000.00,2011-11-12 00:00:00.000000,,2011-11-12,,,2,2,LD_002_02_ACCOUNT,6,,
0000000013633282,1363328,CK,Y,2008-03-03,?,189.43,669.27,2011-11-12 00:00:00.000000,,2011-11-12,,,2,2,LD_002_02_ACCOUNT,6,,
0000000013633283,1363328,SV,Y,2008-12-24,?,102.26,1308.55,2011-11-12 00:00:00.000000,,2011-11-12,,,2,2,LD_002_02_ACCOUNT,6,,
4561143213633284,1363328,CC,Y,2008-03-25,?,0.00,538.93,2011-11-12 00:00:00.000000,,2011-11-12,,,2,2,LD_002_02_ACCOUNT,6,,
0000000013633312,1363331,CK,Y,2004-04-18,?,4246.48,2897.68,2011-11-12 00:00:00.000000,,2011-11-12,,,2,2,LD_002_02_ACCOUNT,6,,
0000000013633313,1363331,SV,Y,2004-06-02,?,905.15,743.04,2011-11-12 00:00:00.000000,,2011-11-12,,,2,2,LD_002_02_ACCOUNT,6,,
4561143213633314,1363331,CC,Y,2005-07-21,?,7574.56,2264.61,2011-11-12 00:00:00.000000,,2011-11-12,,,2,2,LD_002_02_ACCOUNT,6,,
4561143213633324,1363332,CC,N,2005-10-04,2008-12-22,2770.40,839.43,2011-11-12 00:00:00.000000,,2011-11-12,,,2,2,LD_002_02_ACCOUNT,6,,
0000000013633332,1363333,CK,Y,2004-01-01,?,220.95,4.31,2011-11-12 00:00:00.000000,,2011-11-12,,,2,2,LD_002_02_ACCOUNT,6,,
0000000013633333,1363333,SV,Y,2006-07-25,?,685.35,1896.20,2011-11-12 00:00:00.000000,,2011-11-12,,,2,2,LD_002_02_ACCOUNT,6,,
0000000013633342,1363334,CK,Y,2006-04-27,?,150.98,0.22,2011-11-12 00:00:00.000000,,2011-11-12,,,2,2,LD_002_02_ACCOUNT,6,,
0000000013633343,1363334,SV,Y,2008-01-25,?,259.30,478.96,2011-11-12 00:00:00.000000,,2011-11-12,,,2,2,LD_002_02_ACCOUNT,6,,
0000000013633352,1363335,CK,Y,2008-07-07,?,167.53,65.64,2011-11-12 00:00:00.000000,,2011-11-12,,,2,2,LD_002_02_ACCOUNT,6,,
4561143213633354,1363335,CC,Y,2007-07-09,?,134.18,806.94,2011-11-12 00:00:00.000000,,2011-11-12,,,2,2,LD_002_02_ACCOUNT,6,,
0000000013633362,1363336,CK,Y,2006-01-07,?,4355.05,195.15,2011-11-12 00:00:00.000000,,2011-11-12,,,2,2,LD_002_02_ACCOUNT,6,,
0000000013633363,1363336,SV,Y,2006-01-07,?,241.37,126.05,2011-11-12 00:00:00.000000,,2011-11-12,,,2,2,LD_002_02_ACCOUNT,6,,
0000000013633372,1363337,CK,Y,2008-03-01,?,8494.05,1180.64,2011-11-12 00:00:00.000000,,2011-11-12,,,2,2,LD_002_02_ACCOUNT,6,,
0000000013633373,1363337,SV,Y,2007-06-09,?,531.48,7766.05,2011-11-12 00:00:00.000000,,2011-11-12,,,2,2,LD_002_02_ACCOUNT,6,,
0000000013633383,1363338,SV,Y,2006-06-19,?,293.58,675.18,2011-11-12 00:00:00.000000,,2011-11-12,,,2,2,LD_002_02_ACCOUNT,6,,
0000000013633393,1363339,SV,Y,2007-11-23,?,182.39,522.48,2011-11-12 00:00:00.000000,,2011-11-12,,,2,2,LD_002_02_ACCOUNT,6,,
0000000013633422,1363342,CK,Y,2007-09-02,?,224.60,14.45,2011-11-12 00:00:00.000000,,2011-11-12,,,2,2,LD_002_02_ACCOUNT,6,,
0000000013633423,1363342,SV,Y,2006-04-14,?,280.35,57.96,2011-11-12 00:00:00.000000,,2011-11-12,,,2,2,LD_002_02_ACCOUNT,6,,
4561143213633424,1363342,CC,Y,2006-10-17,?,616.39,1600.00,2011-11-12 00:00:00.000000,,2011-11-12,,,2,2,LD_002_02_ACCOUNT,6,,
0000000013633433,1363343,SV,Y,2008-03-10,?,603.82,2007.65,2011-11-12 00:00:00.000000,,2011-11-12,,,2,2,LD_002_02_ACCOUNT,6,,
0000000013633442,1363344,CK,Y,2006-07-30,?,159.01,68.95,2011-11-12 00:00:00.000000,,2011-11-12,,,2,2,LD_002_02_ACCOUNT,6,,
0000000013633443,1363344,SV,Y,2008-12-16,?,108.33,253.92,2011-11-12 00:00:00.000000,,2011-11-12,,,2,2,LD_002_02_ACCOUNT,6,,
4561143213633444,1363344,CC,Y,2006-06-19,?,690.04,1000.00,2011-11-12 00:00:00.000000,,2011-11-12,,,2,2,LD_002_02_ACCOUNT,6,,
0000000013633452,1363345,CK,Y,2007-07-08,?,312.71,2345.06,2011-11-12 00:00:00.000000,,2011-11-12,,,2,2,LD_002_02_ACCOUNT,6,,
4561143213633454,1363345,CC,Y,2007-08-25,?,2406.56,2700.00,2011-11-12 00:00:00.000000,,2011-11-12,,,2,2,LD_002_02_ACCOUNT,6,,
0000000013633462,1363346,CK,Y,2007-09-01,?,4428.89,1290.34,2011-11-12 00:00:00.000000,,2011-11-12,,,2,2,LD_002_02_ACCOUNT,6,,
0000000013633463,1363346,SV,Y,2005-02-23,?,327.16,332.08,2011-11-12 00:00:00.000000,,2011-11-12,,,2,2,LD_002_02_ACCOUNT,6,,
0000000013633473,1363347,SV,Y,2008-05-23,?,794.25,512.64,2011-11-12 00:00:00.000000,,2011-11-12,,,2,2,LD_002_02_ACCOUNT,6,,
0000000013633482,1363348,CK,N,2004-04-02,2008-09-02,4663.36,1244.93,2011-11-12 00:00:00.000000,,2011-11-12,,,2,2,LD_002_02_ACCOUNT,6,,
0000000013633483,1363348,SV,Y,2006-08-21,?,434.62,1628.76,2011-11-12 00:00:00.000000,,2011-11-12,,,2,2,LD_002_02_ACCOUNT,6,,
4561143213633484,1363348,CC,Y,2004-02-15,?,232.29,1800.00,2011-11-12 00:00:00.000000,,2011-11-12,,,2,2,LD_002_02_ACCOUNT,6,,
0000000013633513,1363351,SV,N,2004-04-21,2008-04-27,212.73,213.81,2011-11-12 00:00:00.000000,,2011-11-12,,,2,2,LD_002_02_ACCOUNT,6,,
0000000013633522,1363352,CK,Y,2008-12-07,?,1290.57,851.45,2011-11-12 00:00:00.000000,,2011-11-12,,,2,2,LD_002_02_ACCOUNT,6,,
0000000013633523,1363352,SV,Y,2005-08-21,?,2039.40,2950.23,2011-11-12 00:00:00.000000,,2011-11-12,,,2,2,LD_002_02_ACCOUNT,6,,
4561143213633524,1363352,CC,Y,2007-03-11,?,700.99,906.54,2011-11-12 00:00:00.000000,,2011-11-12,,,2,2,LD_002_02_ACCOUNT,6,,
0000000013633532,1363353,CK,Y,2002-06-20,?,4993.96,13.96,2011-11-12 00:00:00.000000,,2011-11-12,,,2,2,LD_002_02_ACCOUNT,6,,
0000000013633533,1363353,SV,N,2002-06-20,2008-04-09,264.84,1663.95,2011-11-12 00:00:00.000000,,2011-11-12,,,2,2,LD_002_02_ACCOUNT,6,,
4561143213633534,1363353,CC,Y,2002-06-20,?,479.66,1504.14,2011-11-12 00:00:00.000000,,2011-11-12,,,2,2,LD_002_02_ACCOUNT,6,,
0000000013633542,1363354,CK,Y,2007-03-24,?,1045.26,48.90,2011-11-12 00:00:00.000000,,2011-11-12,,,2,2,LD_002_02_ACCOUNT,6,,
0000000013633543,1363354,SV,Y,2008-07-24,?,148.91,1116.71,2011-11-12 00:00:00.000000,,2011-11-12,,,2,2,LD_002_02_ACCOUNT,6,,
4561143213633544,1363354,CC,Y,2004-01-15,?,2718.93,3000.00,2011-11-12 00:00:00.000000,,2011-11-12,,,2,2,LD_002_02_ACCOUNT,6,,
0000000013633553,1363355,SV,Y,2008-03-03,?,2062.29,2229.96,2011-11-12 00:00:00.000000,,2011-11-12,,,2,2,LD_002_02_ACCOUNT,6,,
4561143213633554,1363355,CC,Y,2007-12-08,?,2643.94,291.58,2011-11-12 00:00:00.000000,,2011-11-12,,,2,2,LD_002_02_ACCOUNT,6,,
0000000013633562,1363356,CK,Y,2008-12-20,?,2670.21,10.33,2011-11-12 00:00:00.000000,,2011-11-12,,,2,2,LD_002_02_ACCOUNT,6,,
0000000013633563,1363356,SV,Y,2006-09-06,?,285.45,148.06,2011-11-12 00:00:00.000000,,2011-11-12,,,2,2,LD_002_02_ACCOUNT,6,,
4561143213633564,1363356,CC,Y,2004-03-07,?,482.15,1000.00,2011-11-12 00:00:00.000000,,2011-11-12,,,2,2,LD_002_02_ACCOUNT,6,,
0000000013633612,1363361,CK,N,2007-02-21,2008-02-15,3650.35,21.54,2011-11-12 00:00:00.000000,,2011-11-12,,,2,2,LD_002_02_ACCOUNT,6,,
0000000013633613,1363361,SV,N,2005-09-04,2008-05-31,195.18,172.80,2011-11-12 00:00:00.000000,,2011-11-12,,,2,2,LD_002_02_ACCOUNT,6,,
4561143213633614,1363361,CC,Y,2007-06-14,?,849.37,462.28,2011-11-12 00:00:00.000000,,2011-11-12,,,2,2,LD_002_02_ACCOUNT,6,,
0000000013633642,1363364,CK,Y,2008-03-09,?,1287.08,296.28,2011-11-12 00:00:00.000000,,2011-11-12,,,2,2,LD_002_02_ACCOUNT,6,,
4561143213633644,1363364,CC,N,2002-11-20,2008-07-19,1783.86,1785.97,2011-11-12 00:00:00.000000,,2011-11-12,,,2,2,LD_002_02_ACCOUNT,6,,
0000000013633652,1363365,CK,Y,2006-03-21,?,5578.71,901.25,2011-11-12 00:00:00.000000,,2011-11-12,,,2,2,LD_002_02_ACCOUNT,6,,
4561143213633654,1363365,CC,Y,2008-08-25,?,0.00,2100.00,2011-11-12 00:00:00.000000,,2011-11-12,,,2,2,LD_002_02_ACCOUNT,6,,
0000000013633663,1363366,SV,Y,2008-11-19,?,465.29,7471.81,2011-11-12 00:00:00.000000,,2011-11-12,,,2,2,LD_002_02_ACCOUNT,6,,
0000000013633703,1363370,SV,Y,2006-10-02,?,146.95,149.17,2011-11-12 00:00:00.000000,,2011-11-12,,,2,2,LD_002_02_ACCOUNT,6,,
4561143213633704,1363370,CC,Y,2006-04-24,?,294.72,746.60,2011-11-12 00:00:00.000000,,2011-11-12,,,2,2,LD_002_02_ACCOUNT,6,,
0000000013633712,1363371,CK,Y,2004-05-26,?,2788.06,54.50,2011-11-12 00:00:00.000000,,2011-11-12,,,2,2,LD_002_02_ACCOUNT,6,,
0000000013633713,1363371,SV,Y,2006-05-19,?,726.33,87.77,2011-11-12 00:00:00.000000,,2011-11-12,,,2,2,LD_002_02_ACCOUNT,6,,
0000000013633742,1363374,CK,Y,2008-05-12,?,237.33,0.00,2011-11-12 00:00:00.000000,,2011-11-12,,,2,2,LD_002_02_ACCOUNT,6,,
0000000013633743,1363374,SV,Y,2008-08-06,?,583.39,601.14,2011-11-12 00:00:00.000000,,2011-11-12,,,2,2,LD_002_02_ACCOUNT,6,,
4561143213633744,1363374,CC,Y,2008-10-29,?,0.00,0.00,2011-11-12 00:00:00.000000,,2011-11-12,,,2,2,LD_002_02_ACCOUNT,6,,
0000000013633752,1363375,CK,Y,2006-07-15,?,281.80,172.83,2011-11-12 00:00:00.000000,,2011-11-12,,,2,2,LD_002_02_ACCOUNT,6,,
0000000013633763,1363376,SV,Y,2008-02-11,?,344.08,1345.44,2011-11-12 00:00:00.000000,,2011-11-12,,,2,2,LD_002_02_ACCOUNT,6,,
0000000013633772,1363377,CK,Y,2008-04-09,?,2731.16,146.50,2011-11-12 00:00:00.000000,,2011-11-12,,,2,2,LD_002_02_ACCOUNT,6,,
0000000013633773,1363377,SV,Y,2007-06-28,?,610.91,1782.06,2011-11-12 00:00:00.000000,,2011-11-12,,,2,2,LD_002_02_ACCOUNT,6,,
4561143213633774,1363377,CC,Y,2007-11-06,?,332.67,844.08,2011-11-12 00:00:00.000000,,2011-11-12,,,2,2,LD_002_02_ACCOUNT,6,,
0000000013633822,1363382,CK,Y,2008-05-06,?,2694.39,1544.52,2011-11-12 00:00:00.000000,,2011-11-12,,,2,2,LD_002_02_ACCOUNT,6,,
0000000013633823,1363382,SV,Y,2007-08-08,?,108.39,272.05,2011-11-12 00:00:00.000000,,2011-11-12,,,2,2,LD_002_02_ACCOUNT,6,,
4561143213633824,1363382,CC,Y,2008-02-27,?,0.00,1000.00,2011-11-12 00:00:00.000000,,2011-11-12,,,2,2,LD_002_02_ACCOUNT,6,,
4561143213633834,1363383,CC,Y,2005-07-04,?,1069.93,0.00,2011-11-12 00:00:00.000000,,2011-11-12,,,2,2,LD_002_02_ACCOUNT,6,,
0000000013633842,1363384,CK,Y,2003-01-04,?,7388.44,12.08,2011-11-12 00:00:00.000000,,2011-11-12,,,2,2,LD_002_02_ACCOUNT,6,,
0000000013633843,1363384,SV,Y,2005-04-08,?,823.50,3419.28,2011-11-12 00:00:00.000000,,2011-11-12,,,2,2,LD_002_02_ACCOUNT,6,,
4561143213633844,1363384,CC,Y,2007-11-04,?,6541.09,2231.29,2011-11-12 00:00:00.000000,,2011-11-12,,,2,2,LD_002_02_ACCOUNT,6,,
0000000013633853,1363385,SV,Y,2008-07-16,?,504.61,1720.35,2011-11-12 00:00:00.000000,,2011-11-12,,,2,2,LD_002_02_ACCOUNT,6,,
4561143213633854,1363385,CC,Y,2001-03-12,?,834.47,0.00,2011-11-12 00:00:00.000000,,2011-11-12,,,2,2,LD_002_02_ACCOUNT,6,,
0000000013633872,1363387,CK,Y,2003-09-15,?,176.97,959.60,2011-11-12 00:00:00.000000,,2011-11-12,,,2,2,LD_002_02_ACCOUNT,6,,
0000000013633873,1363387,SV,Y,2003-09-15,?,164.19,110.52,2011-11-12 00:00:00.000000,,2011-11-12,,,2,2,LD_002_02_ACCOUNT,6,,
4561143213633874,1363387,CC,Y,2003-09-15,?,857.38,1000.00,2011-11-12 00:00:00.000000,,2011-11-12,,,2,2,LD_002_02_ACCOUNT,6,,
0000000013633892,1363389,CK,Y,2006-08-06,?,2580.12,300.18,2011-11-12 00:00:00.000000,,2011-11-12,,,2,2,LD_002_02_ACCOUNT,6,,
0000000013633893,1363389,SV,Y,2005-05-22,?,719.95,177.40,2011-11-12 00:00:00.000000,,2011-11-12,,,2,2,LD_002_02_ACCOUNT,6,,
0000000013633902,1363390,CK,Y,2008-12-11,?,2716.75,446.35,2011-11-12 00:00:00.000000,,2011-11-12,,,2,2,LD_002_02_ACCOUNT,6,,
0000000013633903,1363390,SV,Y,2008-10-14,?,253.08,740.57,2011-11-12 00:00:00.000000,,2011-11-12,,,2,2,LD_002_02_ACCOUNT,6,,
4561143213633904,1363390,CC,Y,2008-04-02,?,0.00,1860.67,2011-11-12 00:00:00.000000,,2011-11-12,,,2,2,LD_002_02_ACCOUNT,6,,
0000000013633912,1363391,CK,Y,2008-02-07,?,232.72,17.91,2011-11-12 00:00:00.000000,,2011-11-12,,,2,2,LD_002_02_ACCOUNT,6,,
0000000013633922,1363392,CK,Y,2006-12-18,?,2723.71,87.69,2011-11-12 00:00:00.000000,,2011-11-12,,,2,2,LD_002_02_ACCOUNT,6,,
0000000013633923,1363392,SV,Y,2006-11-05,?,109.05,241.59,2011-11-12 00:00:00.000000,,2011-11-12,,,2,2,LD_002_02_ACCOUNT,6,,
4561143213633924,1363392,CC,Y,2006-12-16,?,834.77,1000.00,2011-11-12 00:00:00.000000,,2011-11-12,,,2,2,LD_002_02_ACCOUNT,6,,
0000000013633932,1363393,CK,Y,2007-06-07,?,203.46,174.05,2011-11-12 00:00:00.000000,,2011-11-12,,,2,2,LD_002_02_ACCOUNT,6,,
4561143213633934,1363393,CC,Y,2008-06-09,?,0.00,1000.00,2011-11-12 00:00:00.000000,,2011-11-12,,,2,2,LD_002_02_ACCOUNT,6,,
0000000013633943,1363394,SV,Y,2000-06-08,?,2238.98,2270.28,2011-11-12 00:00:00.000000,,2011-11-12,,,2,2,LD_002_02_ACCOUNT,6,,
4561143213633944,1363394,CC,Y,2008-06-05,?,0.00,1000.00,2011-11-12 00:00:00.000000,,2011-11-12,,,2,2,LD_002_02_ACCOUNT,6,,
0000000013633952,1363395,CK,Y,2000-01-23,?,2555.08,1520.90,2011-11-12 00:00:00.000000,,2011-11-12,,,2,2,LD_002_02_ACCOUNT,6,,
0000000013633953,1363395,SV,Y,2000-01-23,?,134.14,136.18,2011-11-12 00:00:00.000000,,2011-11-12,,,2,2,LD_002_02_ACCOUNT,6,,
4561143213633954,1363395,CC,N,2000-01-23,2008-05-15,3072.77,730.00,2011-11-12 00:00:00.000000,,2011-11-12,,,2,2,LD_002_02_ACCOUNT,6,,
0000000013633982,1363398,CK,Y,2008-08-29,?,2569.26,86.13,2011-11-12 00:00:00.000000,,2011-11-12,,,2,2,LD_002_02_ACCOUNT,6,,
4561143213633984,1363398,CC,Y,2008-01-11,?,0.00,1000.00,2011-11-12 00:00:00.000000,,2011-11-12,,,2,2,LD_002_02_ACCOUNT,6,,
0000000013633992,1363399,CK,Y,2008-11-16,?,1268.66,548.29,2011-11-12 00:00:00.000000,,2011-11-12,,,2,2,LD_002_02_ACCOUNT,6,,
4561143213633994,1363399,CC,Y,2007-08-10,?,428.31,0.00,2011-11-12 00:00:00.000000,,2011-11-12,,,2,2,LD_002_02_ACCOUNT,6,,
0000000013634002,1363400,CK,Y,2006-08-14,?,300.87,1824.79,2011-11-12 00:00:00.000000,,2011-11-12,,,2,2,LD_002_02_ACCOUNT,6,,
0000000013634003,1363400,SV,Y,2006-08-19,?,565.38,137.85,2011-11-12 00:00:00.000000,,2011-11-12,,,2,2,LD_002_02_ACCOUNT,6,,
4561143213634004,1363400,CC,Y,2007-07-18,?,3293.54,2186.72,2011-11-12 00:00:00.000000,,2011-11-12,,,2,2,LD_002_02_ACCOUNT,6,,
0000000013634022,1363402,CK,Y,2008-02-16,?,3294.44,9.62,2011-11-12 00:00:00.000000,,2011-11-12,,,2,2,LD_002_02_ACCOUNT,6,,
4561143213634024,1363402,CC,Y,2005-08-12,?,1119.41,1200.00,2011-11-12 00:00:00.000000,,2011-11-12,,,2,2,LD_002_02_ACCOUNT,6,,
0000000013634032,1363403,CK,Y,2006-07-23,?,4787.32,366.58,2011-11-12 00:00:00.000000,,2011-11-12,,,2,2,LD_002_02_ACCOUNT,6,,
0000000013634033,1363403,SV,Y,2008-10-24,?,1165.12,1590.22,2011-11-12 00:00:00.000000,,2011-11-12,,,2,2,LD_002_02_ACCOUNT,6,,
4561143213634034,1363403,CC,Y,2008-11-04,?,0.00,1900.00,2011-11-12 00:00:00.000000,,2011-11-12,,,2,2,LD_002_02_ACCOUNT,6,,
0000000013634042,1363404,CK,Y,2008-09-19,?,259.35,823.63,2011-11-12 00:00:00.000000,,2011-11-12,,,2,2,LD_002_02_ACCOUNT,6,,
0000000013634043,1363404,SV,Y,2008-02-19,?,114.29,550.73,2011-11-12 00:00:00.000000,,2011-11-12,,,2,2,LD_002_02_ACCOUNT,6,,
0000000013634052,1363405,CK,Y,2008-02-24,?,238.10,344.52,2011-11-12 00:00:00.000000,,2011-11-12,,,2,2,LD_002_02_ACCOUNT,6,,
0000000013634082,1363408,CK,N,2003-01-09,2008-03-18,195.62,30.85,2011-11-12 00:00:00.000000,,2011-11-12,,,2,2,LD_002_02_ACCOUNT,6,,
0000000013634083,1363408,SV,Y,2003-01-09,?,373.08,1056.10,2011-11-12 00:00:00.000000,,2011-11-12,,,2,2,LD_002_02_ACCOUNT,6,,
4561143213634084,1363408,CC,Y,2003-01-09,?,865.61,1800.00,2011-11-12 00:00:00.000000,,2011-11-12,,,2,2,LD_002_02_ACCOUNT,6,,
4561143213634094,1363409,CC,Y,2006-08-29,?,977.54,160.42,2011-11-12 00:00:00.000000,,2011-11-12,,,2,2,LD_002_02_ACCOUNT,6,,
0000000013634102,1363410,CK,Y,2007-09-27,?,3584.44,8.13,2011-11-12 00:00:00.000000,,2011-11-12,,,2,2,LD_002_02_ACCOUNT,6,,
0000000013634103,1363410,SV,Y,2008-05-22,?,869.13,895.56,2011-11-12 00:00:00.000000,,2011-11-12,,,2,2,LD_002_02_ACCOUNT,6,,
4561143213634104,1363410,CC,Y,2008-10-28,?,0.00,0.00,2011-11-12 00:00:00.000000,,2011-11-12,,,2,2,LD_002_02_ACCOUNT,6,,
0000000013634132,1363413,CK,Y,2008-06-13,?,141.77,131.81,2011-11-12 00:00:00.000000,,2011-11-12,,,2,2,LD_002_02_ACCOUNT,6,,
0000000013634142,1363414,CK,Y,2006-04-05,?,3292.84,2438.22,2011-11-12 00:00:00.000000,,2011-11-12,,,2,2,LD_002_02_ACCOUNT,6,,
0000000013634143,1363414,SV,Y,2005-09-20,?,991.56,1411.05,2011-11-12 00:00:00.000000,,2011-11-12,,,2,2,LD_002_02_ACCOUNT,6,,
4561143213634144,1363414,CC,Y,2005-08-26,?,268.21,202.13,2011-11-12 00:00:00.000000,,2011-11-12,,,2,2,LD_002_02_ACCOUNT,6,,
0000000013634152,1363415,CK,Y,2008-12-25,?,2717.85,21.41,2011-11-12 00:00:00.000000,,2011-11-12,,,2,2,LD_002_02_ACCOUNT,6,,
0000000013634162,1363416,CK,Y,2008-11-27,?,211.24,5.68,2011-11-12 00:00:00.000000,,2011-11-12,,,2,2,LD_002_02_ACCOUNT,6,,
0000000013634202,1363420,CK,Y,2006-03-21,?,2825.63,278.98,2011-11-12 00:00:00.000000,,2011-11-12,,,2,2,LD_002_02_ACCOUNT,6,,
4561143213634204,1363420,CC,Y,2006-09-08,?,125.33,1011.20,2011-11-12 00:00:00.000000,,2011-11-12,,,2,2,LD_002_02_ACCOUNT,6,,
0000000013634212,1363421,CK,Y,2001-09-16,?,2624.85,918.69,2011-11-12 00:00:00.000000,,2011-11-12,,,2,2,LD_002_02_ACCOUNT,6,,
0000000013634213,1363421,SV,Y,2001-09-16,?,191.77,197.64,2011-11-12 00:00:00.000000,,2011-11-12,,,2,2,LD_002_02_ACCOUNT,6,,
4561143213634214,1363421,CC,Y,2001-09-16,?,2828.16,814.67,2011-11-12 00:00:00.000000,,2011-11-12,,,2,2,LD_002_02_ACCOUNT,6,,
0000000013634223,1363422,SV,N,2006-11-28,2008-02-02,423.51,14.34,2011-11-12 00:00:00.000000,,2011-11-12,,,2,2,LD_002_02_ACCOUNT,6,,
4561143213634224,1363422,CC,N,2005-10-21,2008-12-05,1772.11,20.00,2011-11-12 00:00:00.000000,,2011-11-12,,,2,2,LD_002_02_ACCOUNT,6,,
0000000013634262,1363426,CK,Y,2008-12-01,?,4898.05,3567.46,2011-11-12 00:00:00.000000,,2011-11-12,,,2,2,LD_002_02_ACCOUNT,6,,
4561143213634264,1363426,CC,Y,2004-10-30,?,1808.40,917.28,2011-11-12 00:00:00.000000,,2011-11-12,,,2,2,LD_002_02_ACCOUNT,6,,
0000000013634272,1363427,CK,Y,2004-02-08,?,743.67,809.67,2011-11-12 00:00:00.000000,,2011-11-12,,,2,2,LD_002_02_ACCOUNT,6,,
4561143213634274,1363427,CC,N,2003-06-07,2008-12-18,2575.11,20.00,2011-11-12 00:00:00.000000,,2011-11-12,,,2,2,LD_002_02_ACCOUNT,6,,
0000000013634282,1363428,CK,N,2006-11-28,2008-09-21,1145.06,274.96,2011-11-12 00:00:00.000000,,2011-11-12,,,2,2,LD_002_02_ACCOUNT,6,,
0000000013634292,1363429,CK,Y,2007-09-27,?,295.27,299.71,2011-11-12 00:00:00.000000,,2011-11-12,,,2,2,LD_002_02_ACCOUNT,6,,
0000000013634293,1363429,SV,Y,2003-09-21,?,169.38,171.90,2011-11-12 00:00:00.000000,,2011-11-12,,,2,2,LD_002_02_ACCOUNT,6,,
4561143213634294,1363429,CC,N,2003-05-29,2007-12-31,2943.97,1739.74,2011-11-12 00:00:00.000000,,2011-11-12,,,2,2,LD_002_02_ACCOUNT,6,,
0000000013634332,1363433,CK,Y,2006-06-05,?,2529.78,1155.25,2011-11-12 00:00:00.000000,,2011-11-12,,,2,2,LD_002_02_ACCOUNT,6,,
4561143213634334,1363433,CC,Y,2004-03-30,?,579.32,0.00,2011-11-12 00:00:00.000000,,2011-11-12,,,2,2,LD_002_02_ACCOUNT,6,,
0000000013634342,1363434,CK,Y,2005-06-26,?,5344.31,22.53,2011-11-12 00:00:00.000000,,2011-11-12,,,2,2,LD_002_02_ACCOUNT,6,,
0000000013634343,1363434,SV,N,2004-06-23,2007-12-30,328.82,2728.02,2011-11-12 00:00:00.000000,,2011-11-12,,,2,2,LD_002_02_ACCOUNT,6,,
0000000013634352,1363435,CK,Y,2002-10-26,?,2606.30,329.74,2011-11-12 00:00:00.000000,,2011-11-12,,,2,2,LD_002_02_ACCOUNT,6,,
4561143213634354,1363435,CC,Y,2004-02-12,?,535.71,643.34,2011-11-12 00:00:00.000000,,2011-11-12,,,2,2,LD_002_02_ACCOUNT,6,,
0000000013634362,1363436,CK,Y,2008-01-19,?,387.11,218.93,2011-11-12 00:00:00.000000,,2011-11-12,,,2,2,LD_002_02_ACCOUNT,6,,
0000000013634382,1363438,CK,Y,2008-05-12,?,138.08,254.88,2011-11-12 00:00:00.000000,,2011-11-12,,,2,2,LD_002_02_ACCOUNT,6,,
0000000013634383,1363438,SV,Y,2006-02-27,?,154.44,95.30,2011-11-12 00:00:00.000000,,2011-11-12,,,2,2,LD_002_02_ACCOUNT,6,,
4561143213634384,1363438,CC,Y,2007-07-13,?,1018.92,684.30,2011-11-12 00:00:00.000000,,2011-11-12,,,2,2,LD_002_02_ACCOUNT,6,,
0000000013634412,1363441,CK,Y,1999-08-02,?,105.89,145.82,2011-11-12 00:00:00.000000,,2011-11-12,,,2,2,LD_002_02_ACCOUNT,6,,
0000000013634413,1363441,SV,N,1999-08-02,2008-08-19,118.53,581.29,2011-11-12 00:00:00.000000,,2011-11-12,,,2,2,LD_002_02_ACCOUNT,6,,
4561143213634414,1363441,CC,Y,1999-08-02,?,854.16,32.33,2011-11-12 00:00:00.000000,,2011-11-12,,,2,2,LD_002_02_ACCOUNT,6,,
0000000013634422,1363442,CK,Y,2003-06-12,?,787.03,90.63,2011-11-12 00:00:00.000000,,2011-11-12,,,2,2,LD_002_02_ACCOUNT,6,,
0000000013634442,1363444,CK,Y,2007-01-20,?,165.34,68.22,2011-11-12 00:00:00.000000,,2011-11-12,,,2,2,LD_002_02_ACCOUNT,6,,
4561143213634444,1363444,CC,Y,2008-03-15,?,0.00,1000.00,2011-11-12 00:00:00.000000,,2011-11-12,,,2,2,LD_002_02_ACCOUNT,6,,
0000000013634453,1363445,SV,Y,2000-06-20,?,742.28,552.01,2011-11-12 00:00:00.000000,,2011-11-12,,,2,2,LD_002_02_ACCOUNT,6,,
0000000013634472,1363447,CK,Y,2007-02-09,?,2560.04,346.08,2011-11-12 00:00:00.000000,,2011-11-12,,,2,2,LD_002_02_ACCOUNT,6,,
0000000013634473,1363447,SV,Y,2008-06-11,?,185.85,671.09,2011-11-12 00:00:00.000000,,2011-11-12,,,2,2,LD_002_02_ACCOUNT,6,,
4561143213634474,1363447,CC,Y,2008-10-02,?,0.00,1000.00,2011-11-12 00:00:00.000000,,2011-11-12,,,2,2,LD_002_02_ACCOUNT,6,,
0000000013634482,1363448,CK,N,2006-01-31,2008-10-29,5540.21,1961.87,2011-11-12 00:00:00.000000,,2011-11-12,,,2,2,LD_002_02_ACCOUNT,6,,
0000000013634483,1363448,SV,Y,2003-10-10,?,860.18,1763.31,2011-11-12 00:00:00.000000,,2011-11-12,,,2,2,LD_002_02_ACCOUNT,6,,
4561143213634484,1363448,CC,Y,2008-01-06,?,0.00,1400.00,2011-11-12 00:00:00.000000,,2011-11-12,,,2,2,LD_002_02_ACCOUNT,6,,
0000000013634492,1363449,CK,Y,2008-08-13,?,331.36,1572.98,2011-11-12 00:00:00.000000,,2011-11-12,,,2,2,LD_002_02_ACCOUNT,6,,
4561143213634494,1363449,CC,Y,2007-11-02,?,991.87,636.53,2011-11-12 00:00:00.000000,,2011-11-12,,,2,2,LD_002_02_ACCOUNT,6,,
0000000013634502,1363450,CK,Y,2008-06-29,?,223.78,210.73,2011-11-12 00:00:00.000000,,2011-11-12,,,2,2,LD_002_02_ACCOUNT,6,,
0000000013634503,1363450,SV,Y,2007-03-08,?,136.04,1018.62,2011-11-12 00:00:00.000000,,2011-11-12,,,2,2,LD_002_02_ACCOUNT,6,,
0000000013634522,1363452,CK,Y,2008-01-25,?,326.84,428.70,2011-11-12 00:00:00.000000,,2011-11-12,,,2,2,LD_002_02_ACCOUNT,6,,
0000000013634523,1363452,SV,Y,2008-12-24,?,2423.96,1874.79,2011-11-12 00:00:00.000000,,2011-11-12,,,2,2,LD_002_02_ACCOUNT,6,,
0000000013634532,1363453,CK,Y,2006-03-27,?,216.97,0.00,2011-11-12 00:00:00.000000,,2011-11-12,,,2,2,LD_002_02_ACCOUNT,6,,
0000000013634542,1363454,CK,Y,2003-08-07,?,2503.81,312.45,2011-11-12 00:00:00.000000,,2011-11-12,,,2,2,LD_002_02_ACCOUNT,6,,
0000000013634543,1363454,SV,Y,2003-08-07,?,253.30,782.26,2011-11-12 00:00:00.000000,,2011-11-12,,,2,2,LD_002_02_ACCOUNT,6,,
4561143213634544,1363454,CC,Y,2003-08-07,?,2670.27,1336.40,2011-11-12 00:00:00.000000,,2011-11-12,,,2,2,LD_002_02_ACCOUNT,6,,
0000000013634553,1363455,SV,Y,2008-08-04,?,251.82,254.90,2011-11-12 00:00:00.000000,,2011-11-12,,,2,2,LD_002_02_ACCOUNT,6,,
4561143213634554,1363455,CC,Y,2008-11-15,?,0.00,5192.98,2011-11-12 00:00:00.000000,,2011-11-12,,,2,2,LD_002_02_ACCOUNT,6,,
0000000013634562,1363456,CK,Y,2008-03-07,?,113.11,1051.46,2011-11-12 00:00:00.000000,,2011-11-12,,,2,2,LD_002_02_ACCOUNT,6,,
0000000013634572,1363457,CK,Y,2001-04-20,?,12169.88,1252.71,2011-11-12 00:00:00.000000,,2011-11-12,,,2,2,LD_002_02_ACCOUNT,6,,
0000000013634573,1363457,SV,Y,2001-04-20,?,1415.45,3028.72,2011-11-12 00:00:00.000000,,2011-11-12,,,2,2,LD_002_02_ACCOUNT,6,,
4561143213634574,1363457,CC,Y,2001-04-20,?,3028.68,4626.88,2011-11-12 00:00:00.000000,,2011-11-12,,,2,2,LD_002_02_ACCOUNT,6,,
0000000013634582,1363458,CK,Y,2005-06-11,?,285.41,2.05,2011-11-12 00:00:00.000000,,2011-11-12,,,2,2,LD_002_02_ACCOUNT,6,,
0000000013634583,1363458,SV,Y,2005-01-02,?,215.86,160.66,2011-11-12 00:00:00.000000,,2011-11-12,,,2,2,LD_002_02_ACCOUNT,6,,
4561143213634584,1363458,CC,Y,2007-01-24,?,23.73,596.63,2011-11-12 00:00:00.000000,,2011-11-12,,,2,2,LD_002_02_ACCOUNT,6,,
4561143213634594,1363459,CC,Y,2008-10-10,?,0.00,3000.00,2011-11-12 00:00:00.000000,,2011-11-12,,,2,2,LD_002_02_ACCOUNT,6,,
0000000013634612,1363461,CK,Y,2008-02-29,?,3144.44,1223.94,2011-11-12 00:00:00.000000,,2011-11-12,,,2,2,LD_002_02_ACCOUNT,6,,
4561143213634614,1363461,CC,Y,2006-09-16,?,1575.67,1610.70,2011-11-12 00:00:00.000000,,2011-11-12,,,2,2,LD_002_02_ACCOUNT,6,,
0000000013634622,1363462,CK,Y,2004-10-18,?,2504.19,2421.03,2011-11-12 00:00:00.000000,,2011-11-12,,,2,2,LD_002_02_ACCOUNT,6,,
0000000013634623,1363462,SV,Y,2004-10-18,?,299.07,2034.99,2011-11-12 00:00:00.000000,,2011-11-12,,,2,2,LD_002_02_ACCOUNT,6,,
4561143213634624,1363462,CC,Y,2004-10-18,?,2822.43,3000.00,2011-11-12 00:00:00.000000,,2011-11-12,,,2,2,LD_002_02_ACCOUNT,6,,
0000000013634652,1363465,CK,Y,2008-12-25,?,2605.30,1632.35,2011-11-12 00:00:00.000000,,2011-11-12,,,2,2,LD_002_02_ACCOUNT,6,,
0000000013634653,1363465,SV,Y,2007-04-24,?,573.48,590.92,2011-11-12 00:00:00.000000,,2011-11-12,,,2,2,LD_002_02_ACCOUNT,6,,
0000000013634663,1363466,SV,Y,2002-11-24,?,542.05,1100.90,2011-11-12 00:00:00.000000,,2011-11-12,,,2,2,LD_002_02_ACCOUNT,6,,
0000000013634672,1363467,CK,Y,2008-01-12,?,4155.98,58.47,2011-11-12 00:00:00.000000,,2011-11-12,,,2,2,LD_002_02_ACCOUNT,6,,
4561143213634674,1363467,CC,Y,2006-06-27,?,1193.89,1500.00,2011-11-12 00:00:00.000000,,2011-11-12,,,2,2,LD_002_02_ACCOUNT,6,,
0000000013634683,1363468,SV,Y,2008-07-24,?,273.99,927.28,2011-11-12 00:00:00.000000,,2011-11-12,,,2,2,LD_002_02_ACCOUNT,6,,
4561143213634684,1363468,CC,Y,2008-11-12,?,0.00,5500.00,2011-11-12 00:00:00.000000,,2011-11-12,,,2,2,LD_002_02_ACCOUNT,6,,
0000000013634692,1363469,CK,Y,2008-10-30,?,112.95,220.22,2011-11-12 00:00:00.000000,,2011-11-12,,,2,2,LD_002_02_ACCOUNT,6,,
0000000013634693,1363469,SV,Y,2008-04-04,?,2055.19,1701.12,2011-11-12 00:00:00.000000,,2011-11-12,,,2,2,LD_002_02_ACCOUNT,6,,
0000000013634702,1363470,CK,Y,2002-06-08,?,4068.99,1790.37,2011-11-12 00:00:00.000000,,2011-11-12,,,2,2,LD_002_02_ACCOUNT,6,,
4561143213634704,1363470,CC,Y,2008-06-03,?,0.00,5000.00,2011-11-12 00:00:00.000000,,2011-11-12,,,2,2,LD_002_02_ACCOUNT,6,,
0000000013634712,1363471,CK,Y,2008-07-03,?,204.13,153.91,2011-11-12 00:00:00.000000,,2011-11-12,,,2,2,LD_002_02_ACCOUNT,6,,
0000000013634713,1363471,SV,Y,2008-03-18,?,259.96,1777.03,2011-11-12 00:00:00.000000,,2011-11-12,,,2,2,LD_002_02_ACCOUNT,6,,
4561143213634714,1363471,CC,Y,2008-07-06,?,0.00,3229.66,2011-11-12 00:00:00.000000,,2011-11-12,,,2,2,LD_002_02_ACCOUNT,6,,
0000000013634742,1363474,CK,Y,2006-12-14,?,2681.98,30.89,2011-11-12 00:00:00.000000,,2011-11-12,,,2,2,LD_002_02_ACCOUNT,6,,
0000000013634743,1363474,SV,Y,2003-05-09,?,5095.53,4622.61,2011-11-12 00:00:00.000000,,2011-11-12,,,2,2,LD_002_02_ACCOUNT,6,,
4561143213634744,1363474,CC,Y,2008-06-26,?,0.00,702.74,2011-11-12 00:00:00.000000,,2011-11-12,,,2,2,LD_002_02_ACCOUNT,6,,
0000000013634752,1363475,CK,Y,2006-04-24,?,403.91,136.95,2011-11-12 00:00:00.000000,,2011-11-12,,,2,2,LD_002_02_ACCOUNT,6,,
4561143213634754,1363475,CC,Y,2006-08-04,?,3502.43,727.20,2011-11-12 00:00:00.000000,,2011-11-12,,,2,2,LD_002_02_ACCOUNT,6,,
0000000013634802,1363480,CK,Y,2008-02-06,?,2072.19,33.77,2011-11-12 00:00:00.000000,,2011-11-12,,,2,2,LD_002_02_ACCOUNT,6,,
0000000013634812,1363481,CK,Y,2006-10-16,?,202.56,25.94,2011-11-12 00:00:00.000000,,2011-11-12,,,2,2,LD_002_02_ACCOUNT,6,,
0000000013634813,1363481,SV,Y,2007-07-09,?,155.93,1606.92,2011-11-12 00:00:00.000000,,2011-11-12,,,2,2,LD_002_02_ACCOUNT,6,,
0000000013634823,1363482,SV,Y,2002-07-21,?,121.85,486.40,2011-11-12 00:00:00.000000,,2011-11-12,,,2,2,LD_002_02_ACCOUNT,6,,
4561143213634824,1363482,CC,N,2002-07-21,2008-08-19,2917.91,355.26,2011-11-12 00:00:00.000000,,2011-11-12,,,2,2,LD_002_02_ACCOUNT,6,,
0000000013634832,1363483,CK,Y,2008-01-04,?,144.64,403.75,2011-11-12 00:00:00.000000,,2011-11-12,,,2,2,LD_002_02_ACCOUNT,6,,
4561143213634834,1363483,CC,Y,2006-04-06,?,946.26,1000.00,2011-11-12 00:00:00.000000,,2011-11-12,,,2,2,LD_002_02_ACCOUNT,6,,
0000000013634842,1363484,CK,Y,2008-03-20,?,2600.97,233.06,2011-11-12 00:00:00.000000,,2011-11-12,,,2,2,LD_002_02_ACCOUNT,6,,
4561143213634844,1363484,CC,Y,2007-01-16,?,867.01,408.08,2011-11-12 00:00:00.000000,,2011-11-12,,,2,2,LD_002_02_ACCOUNT,6,,
0000000013634853,1363485,SV,Y,2008-11-09,?,155.40,157.76,2011-11-12 00:00:00.000000,,2011-11-12,,,2,2,LD_002_02_ACCOUNT,6,,
4561143213634854,1363485,CC,Y,2002-07-02,?,4161.24,1000.00,2011-11-12 00:00:00.000000,,2011-11-12,,,2,2,LD_002_02_ACCOUNT,6,,
4561143213634864,1363486,CC,Y,2008-12-04,?,0.00,0.00,2011-11-12 00:00:00.000000,,2011-11-12,,,2,2,LD_002_02_ACCOUNT,6,,
0000000013634903,1363490,SV,Y,2007-11-24,?,2267.29,2301.53,2011-11-12 00:00:00.000000,,2011-11-12,,,2,2,LD_002_02_ACCOUNT,6,,
0000000013634913,1363491,SV,N,2003-10-19,2008-04-15,205.45,17.82,2011-11-12 00:00:00.000000,,2011-11-12,,,2,2,LD_002_02_ACCOUNT,6,,
0000000013634922,1363492,CK,Y,2004-12-27,?,1350.61,106.14,2011-11-12 00:00:00.000000,,2011-11-12,,,2,2,LD_002_02_ACCOUNT,6,,
0000000013634923,1363492,SV,Y,2004-12-27,?,952.38,1116.10,2011-11-12 00:00:00.000000,,2011-11-12,,,2,2,LD_002_02_ACCOUNT,6,,
4561143213634924,1363492,CC,Y,2004-12-27,?,4128.58,6869.00,2011-11-12 00:00:00.000000,,2011-11-12,,,2,2,LD_002_02_ACCOUNT,6,,
0000000013634932,1363493,CK,Y,2007-05-17,?,6123.84,2053.90,2011-11-12 00:00:00.000000,,2011-11-12,,,2,2,LD_002_02_ACCOUNT,6,,
0000000013634933,1363493,SV,N,2006-06-05,2008-07-15,331.18,553.61,2011-11-12 00:00:00.000000,,2011-11-12,,,2,2,LD_002_02_ACCOUNT,6,,
4561143213634934,1363493,CC,Y,2008-07-06,?,0.00,0.00,2011-11-12 00:00:00.000000,,2011-11-12,,,2,2,LD_002_02_ACCOUNT,6,,
0000000013634952,1363495,CK,Y,2008-09-23,?,2605.49,178.50,2011-11-12 00:00:00.000000,,2011-11-12,,,2,2,LD_002_02_ACCOUNT,6,,
0000000013634953,1363495,SV,Y,2007-11-13,?,2321.90,2783.16,2011-11-12 00:00:00.000000,,2011-11-12,,,2,2,LD_002_02_ACCOUNT,6,,
0000000013624802,1362480,CK,Y,2005-12-20,?,86.86,140.01,2011-11-12 00:00:00.000000,,2011-11-12,,,2,2,LD_002_02_ACCOUNT,6,,
0000000013624803,1362480,SV,Y,2005-12-20,?,1187.97,1241.12,2011-11-12 00:00:00.000000,,2011-11-12,,,2,2,LD_002_02_ACCOUNT,6,,
0000000013624842,1362484,CK,Y,2005-12-30,?,95.32,148.47,2011-11-12 00:00:00.000000,,2011-11-12,,,2,2,LD_002_02_ACCOUNT,6,,
0000000013624843,1362484,SV,Y,2005-12-30,?,2122.17,2175.32,2011-11-12 00:00:00.000000,,2011-11-12,,,2,2,LD_002_02_ACCOUNT,6,,
4561143213624844,1362484,CC,Y,2005-12-30,?,369.72,422.87,2011-11-12 00:00:00.000000,,2011-11-12,,,2,2,LD_002_02_ACCOUNT,6,,
0000000013624852,1362485,CK,Y,2008-09-22,?,45.49,98.64,2011-11-12 00:00:00.000000,,2011-11-12,,,2,2,LD_002_02_ACCOUNT,6,,
4561143213624854,1362485,CC,Y,2005-04-10,?,1100,1153.15,2011-11-12 00:00:00.000000,,2011-11-12,,,2,2,LD_002_02_ACCOUNT,6,,
0000000013624862,1362486,CK,Y,2007-08-21,?,3312.27,3365.42,2011-11-12 00:00:00.000000,,2011-11-12,,,2,2,LD_002_02_ACCOUNT,6,,
0000000013624863,1362486,SV,Y,2002-07-10,?,116.24,169.39,2011-11-12 00:00:00.000000,,2011-11-12,,,2,2,LD_002_02_ACCOUNT,6,,
0000000013624872,1362487,CK,Y,2008-01-09,?,1401.21,1454.36,2011-11-12 00:00:00.000000,,2011-11-12,,,2,2,LD_002_02_ACCOUNT,6,,
4561143213624874,1362487,CC,Y,2008-08-04,?,1548.23,1601.38,2011-11-12 00:00:00.000000,,2011-11-12,,,2,2,LD_002_02_ACCOUNT,6,,
0000000013624882,1362488,CK,Y,2002-10-28,?,122.42,175.57,2011-11-12 00:00:00.000000,,2011-11-12,,,2,2,LD_002_02_ACCOUNT,6,,
0000000013624892,1362489,CK,Y,2006-10-16,?,125.43,178.58,2011-11-12 00:00:00.000000,,2011-11-12,,,2,2,LD_002_02_ACCOUNT,6,,
0000000013624893,1362489,SV,Y,2006-09-10,?,373.65,426.80,2011-11-12 00:00:00.000000,,2011-11-12,,,2,2,LD_002_02_ACCOUNT,6,,
0000000013624922,1362492,CK,Y,2008-04-19,?,582.82,635.97,2011-11-12 00:00:00.000000,,2011-11-12,,,2,2,LD_002_02_ACCOUNT,6,,
4561143213624924,1362492,CC,Y,2008-08-05,?,2000,2053.15,2011-11-12 00:00:00.000000,,2011-11-12,,,2,2,LD_002_02_ACCOUNT,6,,
0000000013624963,1362496,SV,Y,2007-12-04,?,251.06,304.21,2011-11-12 00:00:00.000000,,2011-11-12,,,2,2,LD_002_02_ACCOUNT,6,,
0000000013624973,1362497,SV,Y,2005-06-07,?,10.86,64.01,2011-11-12 00:00:00.000000,,2011-11-12,,,2,2,LD_002_02_ACCOUNT,6,,
0000000013624982,1362498,CK,Y,2008-02-09,?,172.66,225.81,2011-11-12 00:00:00.000000,,2011-11-12,,,2,2,LD_002_02_ACCOUNT,6,,
0000000013624983,1362498,SV,Y,2008-09-11,?,2307.85,2361.00,2011-11-12 00:00:00.000000,,2011-11-12,,,2,2,LD_002_02_ACCOUNT,6,,
4561143213624994,1362499,CC,O,2003-03-12,?,1900,1953.15,2011-11-12 00:00:00.000000,,2011-11-12,,,2,2,LD_002_02_ACCOUNT,6,,
0000000013625002,1362500,CK,Y,2008-11-30,?,1470.14,1523.29,2011-11-12 00:00:00.000000,,2011-11-12,,,2,2,LD_002_02_ACCOUNT,6,,
0000000013624843,1362484,SV,Y,2005-12-30,?,2122.17,2175.32,2011-11-12 00:00:00.000000,,2011-11-12,,,2,2,LD_002_02_ACCOUNT,6,,
0000000013624863,1362486,SV,Y,2002-07-10,?,116.24,169.39,2011-11-12 00:00:00.000000,,2011-11-12,,,2,2,LD_002_02_ACCOUNT,6,,
4561143213624924,1362492,CC,Y,2008-08-05,?,2000,2053.15,2011-11-12 00:00:00.000000,,2011-11-12,,,2,2,LD_002_02_ACCOUNT,6,,
0000000013632283,1363228,SV,Y,2008-06-22,?,310.44,1538.46,2011-11-12 00:00:00.000000,,2011-11-12,,,2,2,LD_002_02_ACCOUNT,6,,
0000000013632293,1363229,SV,Y,2008-08-13,?,541.97,536.08,2011-11-12 00:00:00.000000,,2011-11-12,,,2,2,LD_002_02_ACCOUNT,6,,
4561143213632294,1363229,CC,Y,2006-06-08,?,989.45,1143.13,2011-11-12 00:00:00.000000,,2011-11-12,,,2,2,LD_002_02_ACCOUNT,6,,
